{"cameraMode":{"drawMode":0,"name":"Shaded","section":"Shading Mode"},"sceneLighting":true,"audioPlay":false,"sceneViewState":{"m_AlwaysRefresh":true,"showFog":true,"showSkybox":true,"showFlares":true,"showImageEffects":true,"showParticleSystems":true,"showVisualEffectGraphs":true,"m_FxEnabled":false},"in2DMode":false,"pivot":{"x":52.606075286865237,"y":13.504046440124512,"z":13.890642166137696},"rotation":{"x":0.24690669775009156,"y":-0.6336718797683716,"z":0.22622627019882203,"w":0.6976666450500488},"size":37.49055099487305,"orthographic":false}