{"cameraMode":{"drawMode":0,"name":"Shaded","section":"Shading Mode"},"sceneLighting":true,"audioPlay":false,"sceneViewState":{"m_AlwaysRefresh":true,"showFog":true,"showSkybox":true,"showFlares":true,"showImageEffects":true,"showParticleSystems":true,"showVisualEffectGraphs":true,"m_FxEnabled":false},"in2DMode":false,"pivot":{"x":0.7095029354095459,"y":0.16879701614379884,"z":0.06555837392807007},"rotation":{"x":-0.09806563705205918,"y":0.9007541537284851,"z":-0.32249629497528078,"w":-0.27390486001968386},"size":2.70739483833313,"orthographic":false}