{"cameraMode":{"drawMode":0,"name":"Shaded","section":"Shading Mode"},"sceneLighting":true,"audioPlay":false,"sceneViewState":{"m_AlwaysRefresh":true,"showFog":true,"showSkybox":true,"showFlares":true,"showImageEffects":true,"showParticleSystems":true,"showVisualEffectGraphs":true,"m_FxEnabled":false},"in2DMode":false,"pivot":{"x":32.993980407714847,"y":52.64263916015625,"z":12.608007431030274},"rotation":{"x":-0.23096169531345368,"y":0.7690816521644592,"z":-0.41166770458221438,"w":-0.4317884147167206},"size":25.181760787963868,"orthographic":false}