{"cameraMode":{"drawMode":0,"name":"Shaded","section":"Shading Mode"},"sceneLighting":true,"audioPlay":false,"sceneViewState":{"m_AlwaysRefresh":true,"showFog":true,"showSkybox":true,"showFlares":true,"showImageEffects":true,"showParticleSystems":true,"showVisualEffectGraphs":true,"m_FxEnabled":false},"in2DMode":false,"pivot":{"x":27.005901336669923,"y":53.51664733886719,"z":-72.72921752929688},"rotation":{"x":0.28486281633377077,"y":-0.026762815192341806,"z":0.008279972709715367,"w":0.9584920406341553},"size":10.65986442565918,"orthographic":false}