{"cameraMode":{"drawMode":0,"name":"Shaded","section":"Shading Mode"},"sceneLighting":true,"audioPlay":false,"sceneViewState":{"m_AlwaysRefresh":true,"showFog":true,"showSkybox":true,"showFlares":true,"showImageEffects":true,"showParticleSystems":true,"showVisualEffectGraphs":true,"m_FxEnabled":false},"in2DMode":false,"pivot":{"x":115.94134521484375,"y":-26.964706420898439,"z":124.85939025878906},"rotation":{"x":0.4313213527202606,"y":0.21172526478767396,"z":-0.10483109205961228,"w":0.8707690834999085},"size":26.91797637939453,"orthographic":false}