{"cameraMode":{"drawMode":0,"name":"Shaded","section":"Shading Mode"},"sceneLighting":true,"audioPlay":false,"sceneViewState":{"m_AlwaysRefresh":true,"showFog":true,"showSkybox":true,"showFlares":true,"showImageEffects":true,"showParticleSystems":true,"showVisualEffectGraphs":true,"m_FxEnabled":false},"in2DMode":false,"pivot":{"x":13.785483360290528,"y":12.205485343933106,"z":33.25157928466797},"rotation":{"x":0.004908064380288124,"y":0.9672053456306458,"z":-0.2545832097530365,"w":0.015126715414226056},"size":31.730043411254884,"orthographic":false}